Employee_ID,Name,Department,Years_Experience,Current_Project_ID,Location
E101,Mariah Brennan,AI Research,14.5,,Pune
E102,Thomas Terry,DevOps,2.2,,Pune
E103,Vanessa Jackson MD,Software Development,3.9,,Mumbai
E104,Lori Sanchez,AI Research,8.3,,Chennai
E105,Nicole Warner,Data Science,6.0,,Mumbai
E106,Valerie Stevens,Software Development,7.9,,Chennai
E107,Cynthia Allen DVM,DevOps,11.6,,Chennai
E108,Brian Sanchez,Data Science,8.0,,Chennai
E109,Walter Huffman,Cybersecurity,13.5,,Pune
E110,Timothy Valdez,DevOps,11.5,,Chennai
E111,Tamara Allen,Software Development,2.1,,Pune
E112,Elizabeth Osborne,Cloud Engineering,10.6,,Mumbai
E113,David Cox,Data Science,1.9,,Chennai
E114,John Woods,DevOps,6.4,,Pune
E115,Heather Walker,AI Research,4.1,,Pune
E116,Eric Jones,Data Science,1.9,,Chennai
E117,Andrea Townsend,AI Research,9.1,,Pune
E118,Kimberly Leach,AI Research,11.6,,Chennai
E119,Brandy Oneal,Software Development,1.7,,Mumbai
E120,Samuel Gomez,AI Research,2.0,,Chennai
E121,Richard Scott,Data Science,9.1,,Delhi
E122,James Jones,AI Research,1.8,,Mumbai
E123,Joshua Daugherty,AI Research,13.1,,Delhi
E124,Whitney Prince,Software Development,10.9,,Delhi
E125,Tiffany Winters,AI Research,1.7,,Chennai
E126,Ernest Pierce,Cybersecurity,10.8,,Chennai
E127,Deborah Simmons,Software Development,14.2,,Pune
E128,Paul Glenn,Data Science,13.2,,Mumbai
E129,Sharon Miller,Cloud Engineering,1.2,,Mumbai
E130,Joseph Byrd,Data Science,11.4,,Mumbai
E131,David Roberts,Data Science,7.5,,Mumbai
E132,Kathleen Parker,Software Development,2.2,,Chennai
E133,Edwin Smith,DevOps,9.5,,Delhi
E134,Gabriel Gordon,Software Development,8.8,,Pune
E135,Ivan Cannon,AI Research,12.0,,Delhi
E136,Corey Rodriguez,Cloud Engineering,9.4,,Delhi
E137,Frank Snyder,Data Science,8.7,,Pune
E138,Bruce Tapia,Data Science,7.4,,Chennai
E139,Maria Donaldson,DevOps,13.5,,Mumbai
E140,Danielle Cannon,Data Science,7.1,,Delhi
E141,Michele Mcneil DVM,Cybersecurity,1.4,,Mumbai
E142,Frank Reese,Cloud Engineering,5.4,,Pune
E143,Steven Mcclain,Software Development,11.7,,Pune
E144,Julie Mullen,Data Science,6.1,,Pune
E145,George Buck,Cybersecurity,7.4,,Pune
E146,Pamela Martinez,Cloud Engineering,1.6,,Delhi
E147,Daniel Reed,DevOps,8.6,,Delhi
E148,Justin West,DevOps,11.2,,Mumbai
E149,Michaela Ellis PhD,Software Development,8.4,,Mumbai
E150,Nicholas Elliott,Cloud Engineering,10.7,,Delhi
E151,Elizabeth Glenn,Cybersecurity,2.7,,Chennai
E152,Timothy Lane,Data Science,1.3,,Chennai
E153,Jamie Wilson,Software Development,1.4,,Mumbai
E154,Mark Snow,AI Research,10.4,,Pune
E155,Nathan Lucas,Cloud Engineering,5.8,,Delhi
E156,Terry Johnson,Cybersecurity,5.6,,Pune
E157,Angela Henry,Cybersecurity,2.2,,Delhi
E158,Richard Carson,Cloud Engineering,4.1,,Delhi
E159,John Walsh,AI Research,8.4,,Pune
E160,Caroline Gonzalez,AI Research,10.4,,Pune
E161,Kara Keith,Cloud Engineering,8.5,,Mumbai
E162,Tracy Diaz,Cloud Engineering,14.5,,Pune
E163,James Mays,DevOps,13.9,,Delhi
E164,John Thomas,Software Development,6.9,,Pune
E165,Derek Burnett,Cybersecurity,6.0,,Delhi
E166,Justin Warren,Cybersecurity,2.1,,Chennai
E167,Jill Moore,Cloud Engineering,11.0,,Delhi
E168,Thomas Walker,Data Science,1.6,,Pune
E169,Vincent Martinez,Cybersecurity,9.2,,Mumbai
E170,Sandra Houston,Data Science,1.7,,Mumbai
E171,Todd Roberts,Data Science,12.8,,Delhi
E172,Christine Harris,Software Development,12.8,,Mumbai
E173,Kendra Benson,Cloud Engineering,1.0,,Mumbai
E174,Mr. Michael Douglas PhD,Software Development,9.0,,Chennai
E175,Amanda Case,AI Research,9.1,,Delhi
E176,Jasmine Blevins,Data Science,12.9,,Mumbai
E177,Jenny Reed,AI Research,1.8,,Mumbai
E178,Robert Brandt,Software Development,4.8,,Pune
E179,Cassie Davis,Software Development,7.5,,Chennai
E180,David Ortega,Cybersecurity,5.7,,Pune
E181,Amy Miller,Data Science,12.6,,Delhi
E182,Benjamin Lewis,Software Development,14.8,,Mumbai
E183,Sheila Combs,Cybersecurity,6.8,,Chennai
E184,Brandon Davis,Data Science,6.6,,Mumbai
E185,Victoria Lee,Cybersecurity,10.9,,Chennai
E186,Mark Anderson,DevOps,11.5,,Chennai
E187,Anne Daniel,Software Development,7.3,,Delhi
E188,Jacqueline Odom,DevOps,1.7,,Mumbai
E189,Renee Herman,DevOps,4.1,,Pune
E190,Matthew Haley,Cloud Engineering,10.8,,Delhi
E191,Barbara Allen,Data Science,2.6,,Pune
E192,Jennifer Reese,DevOps,3.1,,Pune
E193,Julie Sanders,DevOps,10.9,,Mumbai
E194,Kerri Sutton,Software Development,4.4,,Pune
E195,Shane Turner DDS,Cloud Engineering,4.6,,Pune
E196,Bradley Bryant,DevOps,13.7,,Mumbai
E197,Anthony Whitehead,Cloud Engineering,5.1,,Mumbai
E198,Bailey Walter,DevOps,12.2,,Chennai
E199,Donald Turner,Software Development,13.8,,Delhi
E200,Cody Hamilton,Data Science,6.3,,Mumbai
E201,Reginald Watkins,Data Science,13.4,,Pune
E202,Travis Weaver,Data Science,8.2,,Pune
E203,Aaron James,AI Research,6.2,,Mumbai
E204,Patrick Moody,Cybersecurity,13.8,,Pune
E205,Tiffany Griffin,AI Research,3.8,,Delhi
E206,Jacob Smith,Cloud Engineering,11.0,,Chennai
E207,Linda Flores,Software Development,7.5,,Chennai
E208,Kimberly Townsend,Cybersecurity,7.9,,Chennai
E209,Frank Spencer,DevOps,2.6,,Mumbai
E210,Christopher Davis,AI Research,10.7,,Delhi
E211,Ryan Doyle,AI Research,1.7,,Chennai
E212,Heather Lloyd DDS,Cybersecurity,7.3,,Mumbai
E213,Charles Brown,Cybersecurity,5.0,,Mumbai
E214,Marissa Hughes,Software Development,5.9,,Mumbai
E215,Gene Franklin,AI Research,13.7,,Pune
E216,Vernon Olsen,AI Research,11.1,,Pune
E217,Robert Kennedy,Cloud Engineering,5.4,,Chennai
E218,Matthew Garcia,Cybersecurity,2.7,,Pune
E219,Stephen Beck,Data Science,6.9,,Chennai
E220,Michael Harris,Cloud Engineering,13.9,,Chennai
E221,Kara Smith,Data Science,4.4,,Pune
E222,Amanda Jackson,Data Science,11.0,,Delhi
E223,Taylor Long,Cybersecurity,10.7,,Mumbai
E224,Kenneth Norton,Software Development,11.0,,Delhi
E225,Sylvia Navarro,AI Research,13.9,,Pune
E226,Shawn Cooper,Data Science,4.8,,Mumbai
E227,Erik Mccarty,Data Science,14.7,,Chennai
E228,Matthew Brown,AI Research,7.1,,Delhi
E229,Jessica Guzman,AI Research,1.3,,Mumbai
E230,Adam Harris,Cloud Engineering,4.8,,Mumbai
E231,Joshua Wolfe,Software Development,14.2,,Delhi
E232,Justin Miles,Data Science,12.6,,Delhi
E233,Richard Todd,Cloud Engineering,11.8,,Delhi
E234,Jason Soto,Cybersecurity,8.9,,Mumbai
E235,Robyn Burnett,DevOps,5.9,,Chennai
E236,Amy Foster,DevOps,10.7,,Pune
E237,Raymond Baker,Data Science,8.0,,Chennai
E238,Eric Powers,Data Science,8.7,,Delhi
E239,Jeffery Moore,AI Research,10.4,,Pune
E240,Edwin Gutierrez,Data Science,12.8,,Pune
E241,Robert Gonzalez,Cybersecurity,11.5,,Delhi
E242,Miss Theresa Harmon MD,Software Development,5.3,,Chennai
E243,Kimberly White,Data Science,5.9,,Chennai
E244,Amy Sullivan,Data Science,4.7,,Pune
E245,Jodi Mccarty,Cloud Engineering,8.6,,Mumbai
E246,Debra Martin,Cybersecurity,10.8,,Delhi
E247,Derek Hurley,DevOps,5.0,,Pune
E248,Angela Knight,Cybersecurity,9.9,,Mumbai
E249,Richard Valencia,AI Research,1.7,,Chennai
E250,Sabrina Rowe,Software Development,4.4,,Pune
E251,Patricia Garrett,DevOps,9.8,,Pune
E252,Philip Dawson,Cybersecurity,12.1,,Chennai
E253,William White,Data Science,5.2,,Mumbai
E254,Eric Pope,AI Research,8.4,,Mumbai
E255,Jenna Vega,AI Research,11.7,,Mumbai
E256,Margaret Johnson,DevOps,14.0,,Mumbai
E257,Jennifer Dickson,Cybersecurity,11.3,,Pune
E258,Robert Powell,Cloud Engineering,10.6,,Pune
E259,Jacqueline Cooper,Software Development,4.2,,Chennai
E260,Roger Stewart,DevOps,12.6,,Pune
E261,Kevin Garcia,Cloud Engineering,10.5,,Delhi
E262,Ryan Beck,Cloud Engineering,6.9,,Chennai
E263,Shelley Zimmerman,Cybersecurity,6.6,,Pune
E264,Daniel Lowe,Software Development,11.7,,Mumbai
E265,Nicholas Kelly,Data Science,14.5,,Delhi
E266,Joseph West,Cybersecurity,7.2,,Chennai
E267,Linda Scott,Cloud Engineering,11.2,,Pune
E268,Taylor Luna,DevOps,3.8,,Chennai
E269,Terry Brooks,DevOps,8.6,,Chennai
E270,Andrew Mills,DevOps,14.7,,Delhi
E271,Emily Jacobs,Cloud Engineering,8.1,,Mumbai
E272,Theresa Moore,DevOps,11.6,,Pune
E273,Kimberly Brown,AI Research,8.4,,Pune
E274,Catherine Navarro,Data Science,12.1,,Pune
E275,Erik Beard,Data Science,10.7,,Mumbai
E276,Sabrina Rose,Cloud Engineering,1.9,,Pune
E277,Tracey Castaneda,Software Development,2.4,,Mumbai
E278,Paul Horne,DevOps,2.4,,Chennai
E279,Blake Robinson,Data Science,7.7,,Mumbai
E280,Justin Miller,Cybersecurity,9.2,,Mumbai
E281,Tammy Dominguez,Cloud Engineering,13.3,,Delhi
E282,Nicholas Hardy Jr.,Software Development,14.5,,Pune
E283,Amy Thompson,DevOps,3.0,,Chennai
E284,Brandy Williams,AI Research,2.6,,Pune
E285,Parker Khan,AI Research,1.2,,Pune
E286,Jose Lucas,Cloud Engineering,9.1,,Pune
E287,Miranda Edwards,AI Research,6.2,,Chennai
E288,Andrew Russell,Cybersecurity,13.9,,Pune
E289,Joseph Phillips,Cybersecurity,11.7,,Mumbai
E290,John Bennett,Cloud Engineering,6.4,,Delhi
E291,Jamie Armstrong,Cloud Engineering,14.0,,Chennai
E292,Gavin Ellis,Cybersecurity,9.9,,Mumbai
E293,Leon Anderson,Cloud Engineering,1.8,,Chennai
E294,Jonathan Hernandez,DevOps,9.2,,Delhi
E295,Lindsay Kim,Data Science,8.0,,Delhi
E296,Alyssa Harris,Cybersecurity,12.8,,Pune
E297,Paul Hamilton,AI Research,10.8,,Mumbai
E298,Jennifer Hancock,Data Science,13.7,,Chennai
E299,Sara Arroyo,Cloud Engineering,13.2,,Delhi
E300,Scott Anderson,Cybersecurity,6.7,,Chennai
E301,Mandy Alvarado,Cloud Engineering,4.3,,Delhi
E302,James Knight,AI Research,7.8,,Pune
E303,Michael Gonzalez,DevOps,3.1,,Mumbai
E304,Jesus Palmer,Software Development,12.5,,Delhi
E305,David Mcdowell,Cybersecurity,3.3,,Chennai
E306,Janet Cook,Cloud Engineering,9.3,,Mumbai
E307,Edwin Levine,Cloud Engineering,10.0,,Mumbai
E308,Shannon Wood,Cloud Engineering,10.2,,Chennai
E309,Caitlin Anderson,Data Science,9.5,,Mumbai
E310,Austin Watson,Data Science,8.5,,Mumbai
E311,Brittney Garcia,Software Development,5.6,,Mumbai
E312,Susan Moran,Cybersecurity,11.0,,Pune
E313,David Nguyen,AI Research,14.5,,Mumbai
E314,Bryan Rivera,AI Research,14.3,,Delhi
E315,Scott Woodward,DevOps,12.2,,Pune
E316,James Taylor,Cloud Engineering,2.3,,Pune
E317,Rachel Gordon,AI Research,10.9,,Mumbai
E318,Isaac Aguilar,Cybersecurity,14.8,,Chennai
E319,Theresa Williams,Software Development,13.3,,Pune
E320,Douglas Davis,AI Research,1.5,,Chennai
E321,Nicholas Smith,AI Research,11.0,,Pune
E322,Amy Bailey,AI Research,2.7,,Pune
E323,Elizabeth Castillo,Software Development,10.0,,Pune
E324,Alex Adams,Data Science,1.3,,Mumbai
E325,Christopher Parsons,AI Research,7.7,,Delhi
E326,Christina Gilbert,Data Science,1.7,,Delhi
E327,Darren Smith,Data Science,12.5,,Delhi
E328,Michael Johnson,Data Science,8.8,,Pune
E329,Jonathan Hodges,Cloud Engineering,9.8,,Delhi
E330,Erin Mayo,Cloud Engineering,13.3,,Delhi
E331,Susan Moore,Cloud Engineering,13.9,,Delhi
E332,Alexander Lopez,Cybersecurity,6.2,,Pune
E333,Jane Salazar,DevOps,9.3,,Mumbai
E334,April Jackson,Cloud Engineering,11.6,,Chennai
E335,Joseph Chandler,AI Research,5.2,,Delhi
E336,Holly Merritt,DevOps,11.8,,Delhi
E337,Morgan Dickerson,Software Development,9.5,,Delhi
E338,Samuel Garcia Jr.,AI Research,13.7,,Delhi
E339,Chase Bauer,AI Research,3.1,,Chennai
E340,Richard Edwards,Software Development,7.8,,Delhi
E341,Christopher Skinner,AI Research,2.7,,Pune
E342,Karen Hall,Cybersecurity,7.4,,Mumbai
E343,Gary Scott,Software Development,5.8,,Pune
E344,Derek Powers,Software Development,1.1,,Delhi
E345,Patrick Robinson,Cloud Engineering,13.4,,Delhi
E346,Christopher Boyd,AI Research,3.5,,Chennai
E347,Robin Gomez,Cybersecurity,8.2,,Mumbai
E348,Christopher Harrison,Cybersecurity,8.3,,Pune
E349,Justin Bell,DevOps,3.1,,Pune
E350,George Jackson,Data Science,13.7,,Mumbai
E351,Lisa Caldwell,DevOps,8.9,,Mumbai
E352,Desiree Hill,AI Research,14.9,,Pune
E353,Katherine Allen,Cybersecurity,10.1,,Delhi
E354,Danielle Smith,AI Research,1.0,,Chennai
E355,Phillip Crawford,AI Research,1.8,,Mumbai
E356,Patricia Stewart,DevOps,12.4,,Pune
E357,Mr. Matthew Riley MD,AI Research,14.5,,Chennai
E358,Lori Elliott,DevOps,1.0,,Pune
E359,Greg Horne,DevOps,4.1,,Mumbai
E360,Jacob Bright,Cloud Engineering,4.2,,Delhi
E361,Robert Carroll,Cybersecurity,2.8,,Delhi
E362,Anthony Manning,Cloud Engineering,12.5,,Mumbai
E363,Charles Wright,Software Development,2.2,,Mumbai
E364,Anthony Roberts,Data Science,2.2,,Mumbai
E365,Duane Hernandez,Cloud Engineering,14.4,,Pune
E366,Corey Hart,Cybersecurity,8.5,,Chennai
E367,Melissa Snyder,Cybersecurity,1.9,,Pune
E368,Valerie Hebert,Cloud Engineering,8.8,,Delhi
E369,Jennifer Smith,Cybersecurity,14.8,,Mumbai
E370,Jessica Juarez,Cybersecurity,9.9,,Mumbai
E371,Julian White,Software Development,3.5,,Pune
E372,James Jarvis,DevOps,3.5,,Chennai
E373,Vincent Castillo,AI Research,7.4,,Chennai
E374,Jon Peterson,Software Development,9.2,,Mumbai
E375,Ronald Knox,DevOps,3.0,,Pune
E376,Kim Roman,Software Development,5.4,,Delhi
E377,Kayla Wright,DevOps,7.8,,Delhi
E378,Sheri Mason,Software Development,3.3,,Chennai
E379,Kenneth Wyatt,DevOps,2.7,,Chennai
E380,Devin Hines,DevOps,4.1,,Pune
E381,Jeffery Sparks,Cloud Engineering,2.0,,Delhi
E382,Jessica Tucker,AI Research,14.4,,Pune
E383,Christina Preston,Software Development,2.7,,Mumbai
E384,John Sampson,DevOps,12.6,,Pune
E385,Kevin Brown,DevOps,13.2,,Delhi
E386,Jason Hines,Cybersecurity,5.4,,Chennai
E387,Erik Stephenson,Cloud Engineering,7.9,,Pune
E388,Deborah Johnson,Software Development,10.9,,Mumbai
E389,Amy Phillips,DevOps,11.7,,Pune
E390,Julie Robles MD,Software Development,13.6,,Mumbai
E391,Hannah Heath,Software Development,11.7,,Mumbai
E392,Amy Garcia,Cybersecurity,8.1,,Pune
E393,Troy Davis,DevOps,14.8,,Pune
E394,Stephanie Roberts,Cybersecurity,7.6,,Delhi
E395,Jack Humphrey,Cloud Engineering,10.8,,Mumbai
E396,Amanda Roach,Data Science,14.6,,Delhi
E397,Daniel Benjamin,Data Science,6.5,,Chennai
E398,Andrew Torres,AI Research,5.9,,Pune
E399,Janet Williams,Software Development,13.7,,Delhi
E400,Alyssa Frederick,Cloud Engineering,4.5,,Mumbai
E401,Daniel Harrison,DevOps,13.9,,Mumbai
E402,Ashley Peterson,AI Research,9.8,,Chennai
E403,Patricia Wilson,Software Development,4.1,,Pune
E404,Lee Medina,Data Science,1.5,,Pune
E405,Susan Roberts,AI Research,5.4,,Delhi
E406,Mr. Phillip Jenkins Jr.,Software Development,4.6,,Mumbai
E407,Kenneth Taylor,Data Science,4.2,,Chennai
E408,Jason Burns,Software Development,4.7,,Mumbai
E409,Kelsey Rivera,Cybersecurity,1.5,,Delhi
E410,Joshua Cantu,Software Development,5.3,,Chennai
E411,Heidi Huber,AI Research,9.1,,Pune
E412,Elizabeth Wilkerson,AI Research,3.7,,Delhi
E413,Jessica Anderson,Cybersecurity,14.7,,Pune
E414,Erica Walter,Software Development,7.9,,Chennai
E415,Scott Smith,AI Research,8.0,,Delhi
E416,Jacqueline Allen,AI Research,9.9,,Mumbai
E417,Mrs. Amy Rojas,DevOps,5.7,,Mumbai
E418,Andrew Thompson,Cloud Engineering,3.1,,Delhi
E419,Monica Rojas,Data Science,3.5,,Chennai
E420,Amy Lindsey,Cybersecurity,11.9,,Mumbai
E421,Jonathan Hill,AI Research,10.1,,Pune
E422,Bradley Allen,DevOps,4.5,,Chennai
E423,Kim Harris DDS,Software Development,10.1,,Mumbai
E424,Morgan Bryant,Software Development,6.4,,Pune
E425,John Silva,DevOps,13.5,,Mumbai
E426,John Burnett,Data Science,4.8,,Chennai
E427,Emma Berger DDS,Cloud Engineering,14.8,,Pune
E428,Nathaniel Barnes II,Software Development,9.9,,Mumbai
E429,Alec Lewis,DevOps,6.2,,Chennai
E430,Colleen Hughes,Cloud Engineering,10.7,,Pune
E431,William Owen,Cloud Engineering,12.4,,Mumbai
E432,Patricia Ellis,DevOps,7.1,,Delhi
E433,James Chan,Data Science,2.1,,Delhi
E434,Randall Allen,Cybersecurity,9.1,,Delhi
E435,Joshua Burke,Cybersecurity,4.6,,Delhi
E436,Michael Flores,Cybersecurity,5.3,,Delhi
E437,Annette Pacheco,AI Research,12.4,,Pune
E438,Taylor Olsen,DevOps,9.1,,Chennai
E439,Katrina Mason,Software Development,1.7,,Delhi
E440,Christine Olson,Cloud Engineering,12.3,,Mumbai
E441,Laura Bailey,Software Development,4.3,,Delhi
E442,Timothy Farley,Software Development,13.8,,Pune
E443,Joseph Adams,Software Development,7.6,,Pune
E444,Margaret Rodriguez,DevOps,7.0,,Mumbai
E445,Vanessa Williams,Software Development,2.1,,Delhi
E446,Sean Rowe,Software Development,13.0,,Pune
E447,Sandra Burke,Cybersecurity,3.6,,Chennai
E448,Robert Bryant,DevOps,2.3,,Chennai
E449,Joe Barber,Cloud Engineering,4.3,,Chennai
E450,Jessica Wallace,AI Research,14.6,,Delhi
E451,Jeremy Stevenson,Software Development,13.3,,Chennai
E452,Crystal Wallace,Data Science,12.6,,Delhi
E453,Stacey Smith,DevOps,13.7,,Delhi
E454,Wayne Thompson,DevOps,1.7,,Mumbai
E455,David Medina,Software Development,4.7,,Delhi
E456,Matthew Harris,Cloud Engineering,13.4,,Chennai
E457,Kimberly Conley,Cloud Engineering,10.3,,Chennai
E458,Catherine Perez,Cloud Engineering,9.8,,Pune
E459,Jennifer Pope,Cybersecurity,13.2,,Mumbai
E460,Stephanie Nelson,Cybersecurity,9.9,,Mumbai
E461,Roy Hernandez,Cybersecurity,2.3,,Delhi
E462,Sue Chen MD,AI Research,3.9,,Mumbai
E463,Raymond Craig,Cloud Engineering,1.7,,Chennai
E464,Paul Shelton,Cloud Engineering,11.9,,Mumbai
E465,Eric Meadows,AI Research,10.4,,Mumbai
E466,Terry Peterson,AI Research,12.3,,Mumbai
E467,Mary Riley,Software Development,13.3,,Mumbai
E468,Dominique Harmon,Data Science,1.6,,Pune
E469,Lucas Harrington,Software Development,9.5,,Pune
E470,Joy Smith,Software Development,14.2,,Mumbai
E471,Laura Freeman,Data Science,7.2,,Pune
E472,Jeremy Allen,AI Research,12.8,,Pune
E473,Mrs. Erica Hunter,Cybersecurity,14.7,,Pune
E474,David Martin,AI Research,1.3,,Delhi
E475,Kimberly Andrews,DevOps,12.5,,Pune
E476,Wesley Pena,DevOps,13.7,,Chennai
E477,Jennifer Murphy,AI Research,4.3,,Chennai
E478,Phillip Wilson,Data Science,9.8,,Mumbai
E479,Billy Harris,Cybersecurity,6.2,,Delhi
E480,Laura Ryan,Data Science,12.8,,Chennai
E481,Heather Brown,Cloud Engineering,9.3,,Chennai
E482,Kyle Gomez,AI Research,5.2,,Chennai
E483,Shirley Holland,Software Development,11.4,,Chennai
E484,Joel Parrish,AI Research,10.4,,Chennai
E485,Clayton Nelson,Cloud Engineering,3.3,,Mumbai
E486,Erin Lloyd,Software Development,2.0,,Chennai
E487,Michelle Sanchez,Data Science,1.8,,Chennai
E488,Olivia Miller,Data Science,6.4,,Pune
E489,Brian Davis,Cybersecurity,2.8,,Pune
E490,Jodi Flynn,DevOps,6.3,,Delhi
E491,Emma Roberts,Cloud Engineering,9.8,,Mumbai
E492,Melissa Santiago,Data Science,9.9,,Delhi
E493,Erica Nunez,DevOps,11.5,,Mumbai
E494,Manuel Fox,DevOps,4.0,,Pune
E495,Amanda Harris,Data Science,11.3,,Pune
E496,Jessica Aguilar,DevOps,14.5,,Pune
E497,Sarah Maynard,Data Science,6.7,,Delhi
E498,Eddie Smith Jr.,Cybersecurity,9.5,,Delhi
E499,Robert Chaney,Cybersecurity,6.5,,Chennai
E500,Jodi Wolfe,AI Research,11.1,,Chennai
E501,Monica Calhoun,AI Research,5.9,,Delhi
E502,Christopher Patrick,DevOps,5.5,,Mumbai
E503,Eric Miranda,Cloud Engineering,10.6,,Chennai
E504,Mackenzie Walker,Cybersecurity,9.7,,Mumbai
E505,Leah Craig,DevOps,9.1,,Chennai
E506,Wesley Neal,Software Development,9.3,,Pune
E507,James Richardson,AI Research,14.8,,Pune
E508,Donald Price,Cloud Engineering,5.2,,Pune
E509,Jared Novak,DevOps,10.3,,Mumbai
E510,Heidi Cameron,AI Research,4.1,,Mumbai
E511,David Lewis,Cybersecurity,8.7,,Chennai
E512,Tracy Green,AI Research,3.6,,Chennai
E513,Hannah Robertson,Cybersecurity,14.7,,Mumbai
E514,Madison Lee,Cloud Engineering,3.3,,Mumbai
E515,John Morrison,Data Science,9.4,,Mumbai
E516,Benjamin Cruz,DevOps,9.1,,Chennai
E517,Christopher King,DevOps,10.2,,Delhi
E518,Cindy Mccarty,Cloud Engineering,12.5,,Delhi
E519,Patricia Taylor,Software Development,10.7,,Pune
E520,Patricia May,Software Development,2.4,,Delhi
E521,Regina Francis,AI Research,12.1,,Chennai
E522,Andre Cummings,Data Science,5.3,,Mumbai
E523,Robert Vincent,AI Research,1.2,,Mumbai
E524,Mike Simmons PhD,Cloud Engineering,13.8,,Pune
E525,Steven Hall,Software Development,14.4,,Pune
E526,John Mcbride,Cloud Engineering,12.2,,Delhi
E527,Lindsey Davis,Cybersecurity,2.1,,Chennai
E528,Doris Simpson,Cybersecurity,13.7,,Delhi
E529,Teresa Giles,Cybersecurity,9.9,,Chennai
E530,Elizabeth Pham,Cybersecurity,7.2,,Chennai
E531,Michael Wheeler,Software Development,8.6,,Pune
E532,Tracy Smith,DevOps,12.8,,Chennai
E533,Carl Johnson,Cybersecurity,1.0,,Mumbai
E534,Monica Lee,DevOps,2.7,,Delhi
E535,Matthew Cannon,Software Development,8.9,,Mumbai
E536,Patrick Baldwin,Cloud Engineering,10.4,,Mumbai
E537,Rebecca Ramos,Cybersecurity,5.8,,Mumbai
E538,Helen Benitez,Data Science,1.7,,Pune
E539,Jonathan Brown,Cloud Engineering,7.4,,Chennai
E540,Andrew Shaffer,AI Research,1.2,,Chennai
E541,Andres Levy,AI Research,5.2,,Chennai
E542,Susan Miller,AI Research,14.9,,Pune
E543,Heather Hernandez,Data Science,14.8,,Pune
E544,Elizabeth Morrow,Cybersecurity,14.3,,Chennai
E545,Caitlin Sanchez,Cloud Engineering,3.3,,Chennai
E546,Kenneth Sanchez,Data Science,11.2,,Pune
E547,Steven Harvey,AI Research,11.2,,Chennai
E548,Teresa Barron,Cloud Engineering,3.3,,Pune
E549,Daniel Williams,AI Research,9.5,,Chennai
E550,Edward Dillon,Cloud Engineering,9.7,,Delhi
E551,Hannah Hartman,Data Science,13.1,,Delhi
E552,Cassandra Davis,Data Science,11.5,,Delhi
E553,James Cain,Cloud Engineering,9.5,,Chennai
E554,Brandi Holmes,Data Science,4.6,,Delhi
E555,Christine Brown,Cybersecurity,10.6,,Delhi
E556,Eric Vasquez,DevOps,14.9,,Chennai
E557,Andrea Thomas,Cloud Engineering,12.1,,Mumbai
E558,Angela Byrd,Data Science,3.3,,Mumbai
E559,David Raymond,Data Science,9.7,,Pune
E560,Walter Fisher,DevOps,3.1,,Pune
E561,Curtis Miranda,Data Science,5.0,,Delhi
E562,Christopher Russell,Cybersecurity,11.8,,Chennai
E563,Hannah Miller,AI Research,11.6,,Mumbai
E564,Michelle Morales,Cybersecurity,3.4,,Mumbai
E565,Timothy Walker,Software Development,7.3,,Pune
E566,James Garcia,Software Development,4.1,,Delhi
E567,Jason Greene,Cloud Engineering,5.8,,Delhi
E568,Christine Fernandez,Cybersecurity,7.0,,Delhi
E569,Bryce Rich,Cloud Engineering,5.5,,Pune
E570,Amber Flores,DevOps,2.9,,Delhi
E571,Kyle Moore,Cybersecurity,4.7,,Mumbai
E572,David Shannon,Cybersecurity,1.5,,Chennai
E573,Erin Morris,DevOps,6.0,,Delhi
E574,Laura Bolton,DevOps,1.1,,Delhi
E575,Patrick Stewart,Software Development,12.3,,Mumbai
E576,Christian Brown,Cloud Engineering,8.4,,Pune
E577,Daniel Scott,Data Science,9.2,,Mumbai
E578,Robert Peters,Software Development,14.3,,Delhi
E579,Anthony Davidson,Software Development,2.5,,Pune
E580,William Johnson,Software Development,3.2,,Mumbai
E581,Tammy Young,AI Research,3.0,,Pune
E582,Cristian Ward,Data Science,9.8,,Mumbai
E583,Michael Cook,Software Development,10.4,,Delhi
E584,Bethany Williams,Cybersecurity,12.0,,Mumbai
E585,Heather Thomas,Software Development,6.0,,Pune
E586,Sharon Davis,Cybersecurity,1.4,,Mumbai
E587,Joel Frank,DevOps,3.3,,Pune
E588,Taylor Smith,DevOps,9.5,,Pune
E589,Thomas Wells,Cybersecurity,13.7,,Chennai
E590,Michael Oneal,AI Research,1.5,,Mumbai
E591,Margaret Gonzalez,Cloud Engineering,2.5,,Delhi
E592,Melissa Murphy,Cybersecurity,14.1,,Chennai
E593,Shannon Sellers,Cybersecurity,4.3,,Chennai
E594,Robert Clark Jr.,Software Development,13.9,,Pune
E595,Angela Mcmillan,DevOps,8.5,,Chennai
E596,Melanie Martinez,Software Development,8.2,,Chennai
E597,Brittany Forbes,Cloud Engineering,6.0,,Mumbai
E598,Joy Anderson,Data Science,9.7,,Pune
E599,Lisa Moore,DevOps,1.5,,Chennai
E600,Erica Burns,AI Research,6.9,,Delhi
E601,Kevin Mendoza,Software Development,8.6,,Chennai
E602,Kristopher Dickson,Cloud Engineering,13.1,,Pune
E603,Jennifer Rose,Data Science,3.7,,Mumbai
E604,Paul King,Software Development,12.8,,Delhi
E605,Mary Jenkins,Data Science,8.9,,Mumbai
E606,Pamela Cannon,Cloud Engineering,1.4,,Pune
E607,Andrea Wilson,AI Research,14.7,,Pune
E608,Francisco Logan,AI Research,5.4,,Pune
E609,Christopher Black,Cloud Engineering,10.5,,Pune
E610,Eric Stafford,Software Development,6.8,,Pune
E611,Sara Stevens,Cloud Engineering,12.6,,Delhi
E612,Derek Jennings,DevOps,14.8,,Mumbai
E613,Adam Gomez,DevOps,12.3,,Pune
E614,Kimberly Singleton,Cloud Engineering,7.4,,Delhi
E615,Joseph Cox,Cloud Engineering,2.0,,Chennai
E616,Matthew Weaver,Cloud Engineering,1.5,,Pune
E617,Nicole Davis,AI Research,2.5,,Chennai
E618,Amanda Taylor,Cybersecurity,4.6,,Mumbai
E619,Anna Price,DevOps,1.7,,Delhi
E620,Christopher Hayes,DevOps,10.8,,Mumbai
E621,Brent Wagner,AI Research,14.6,,Delhi
E622,Jill Rush,Cybersecurity,4.6,,Mumbai
E623,John Reyes,Cloud Engineering,4.5,,Pune
E624,Justin Ritter,Cybersecurity,14.2,,Mumbai
E625,Richard Jackson,Cloud Engineering,12.1,,Delhi
E626,Kristin Burton,AI Research,14.2,,Mumbai
E627,Michael Green,Cloud Engineering,1.1,,Chennai
E628,Patricia Fuller,AI Research,8.6,,Pune
E629,Timothy Miller,Cybersecurity,2.2,,Mumbai
E630,David Bautista,Cybersecurity,2.2,,Chennai
E631,Tracey Smith,AI Research,13.8,,Chennai
E632,William Roberts,Cybersecurity,3.3,,Delhi
E633,Stephanie Thomas,DevOps,7.3,,Pune
E634,Lindsay Brandt,Cybersecurity,6.4,,Pune
E635,Rachel Case,DevOps,3.5,,Mumbai
E636,Angel Kennedy,Cloud Engineering,4.0,,Mumbai
E637,Joseph Edwards,Software Development,9.0,,Pune
E638,Nancy Foster,Software Development,4.1,,Pune
E639,Lisa Rogers,Cybersecurity,2.8,,Pune
E640,Peter Coleman,Data Science,4.5,,Pune
E641,Randy Daugherty,Cloud Engineering,4.1,,Mumbai
E642,Joel Lowe,Data Science,2.7,,Mumbai
E643,Amber Watts,Data Science,12.0,,Mumbai
E644,Catherine Jackson,Cybersecurity,3.4,,Chennai
E645,Ralph Green MD,Software Development,7.8,,Pune
E646,Thomas Burke,Cloud Engineering,3.0,,Pune
E647,Amanda Lowery,Software Development,7.8,,Mumbai
E648,Cindy Lane,Cloud Engineering,13.7,,Delhi
E649,Theresa Zhang,Data Science,3.4,,Pune
E650,Brandy Gonzalez,DevOps,5.3,,Chennai
E651,Stephanie Parrish,AI Research,7.3,,Delhi
E652,Tonya Lee,Cloud Engineering,11.8,,Chennai
E653,Tim Hess,DevOps,10.6,,Chennai
E654,Kaitlin Walls MD,DevOps,11.7,,Mumbai
E655,Grant Meyers,DevOps,7.9,,Mumbai
E656,Antonio Moore PhD,Software Development,14.9,,Chennai
E657,Andrew Johnson,Software Development,9.8,,Pune
E658,Pamela Lee,AI Research,2.3,,Mumbai
E659,Andrew Miller,Cloud Engineering,2.9,,Mumbai
E660,Deborah Hinton,Data Science,8.4,,Mumbai
E661,Catherine George,Cloud Engineering,2.2,,Delhi
E662,Glenn Mejia,DevOps,14.3,,Pune
E663,Philip Miller,Software Development,12.1,,Pune
E664,Rhonda Brown,AI Research,9.3,,Chennai
E665,Troy Castillo,AI Research,7.6,,Mumbai
E666,Kathleen Doyle,DevOps,8.2,,Chennai
E667,Michelle Jackson,Software Development,2.7,,Mumbai
E668,William Owens,DevOps,6.1,,Pune
E669,Michelle Brown,AI Research,13.5,,Chennai
E670,Phyllis Griffith,Cybersecurity,8.7,,Pune
E671,Pamela Foster,Software Development,5.2,,Pune
E672,Jillian Wood,Data Science,12.0,,Mumbai
E673,Jamie Hughes,AI Research,11.7,,Delhi
E674,Christopher Dorsey,Data Science,10.2,,Mumbai
E675,Jamie Davis,AI Research,12.0,,Delhi
E676,Darryl Hopkins,AI Research,14.9,,Pune
E677,Kimberly Simon,DevOps,13.0,,Delhi
E678,Stephanie Oconnor,DevOps,6.7,,Mumbai
E679,Eric Best,AI Research,1.6,,Pune
E680,Jessica Barajas,Software Development,14.7,,Mumbai
E681,Carol Farmer,Data Science,4.3,,Chennai
E682,Cynthia Thomas,Software Development,4.0,,Mumbai
E683,Garrett Friedman,Cybersecurity,13.8,,Pune
E684,Heather Nelson,Software Development,10.0,,Delhi
E685,Timothy Myers,AI Research,5.4,,Chennai
E686,Julie Dominguez,AI Research,13.4,,Delhi
E687,Patrick Owen,Cloud Engineering,4.4,,Delhi
E688,Matthew Hebert,Software Development,12.4,,Delhi
E689,Gabriel Williams,Cybersecurity,13.4,,Pune
E690,Kristin Howard,Software Development,12.3,,Delhi
E691,Crystal Lee,Data Science,6.6,,Delhi
E692,Danny Wise,AI Research,13.3,,Mumbai
E693,Justin Sandoval,DevOps,4.6,,Delhi
E694,Travis Hoffman,Cloud Engineering,6.2,,Mumbai
E695,Matthew Ayers,AI Research,4.7,,Mumbai
E696,Amber Smith,Software Development,6.7,,Pune
E697,Robert Hubbard,Cybersecurity,13.5,,Mumbai
E698,Alexis Villarreal,Cybersecurity,14.6,,Chennai
E699,Aaron Mendoza,Data Science,13.6,,Mumbai
E700,Mrs. Kimberly Mora,Cybersecurity,11.9,,Chennai
E701,Jessica Rosales,Data Science,2.8,,Chennai
E702,Cynthia Hines,AI Research,6.6,,Chennai
E703,William Guerra,AI Research,13.2,,Mumbai
E704,Johnathan Howard,AI Research,4.0,,Mumbai
E705,Joseph Dawson,Software Development,10.0,,Chennai
E706,Elizabeth Pennington,AI Research,12.0,,Pune
E707,Connie Stark,DevOps,9.5,,Mumbai
E708,Roger Hess,Cybersecurity,13.3,,Pune
E709,Cheryl Hamilton,Software Development,1.8,,Delhi
E710,Lisa Riley,DevOps,6.7,,Chennai
E711,Susan Brown,Software Development,5.7,,Pune
E712,Tyler Johnson,AI Research,9.2,,Mumbai
E713,Brittney Fernandez,Data Science,5.9,,Delhi
E714,Amy Watkins,Data Science,13.1,,Mumbai
E715,Adam Jones PhD,AI Research,13.9,,Mumbai
E716,Joshua Mora,Cloud Engineering,12.2,,Pune
E717,Raven Stanton,DevOps,12.9,,Delhi
E718,Michelle Nelson,Software Development,14.1,,Delhi
E719,Michael Love,Data Science,13.1,,Chennai
E720,Keith Davis,Software Development,11.4,,Pune
E721,Robin Guerrero,DevOps,4.3,,Pune
E722,Jaime Barber PhD,AI Research,11.8,,Pune
E723,Nicholas Bowers,Software Development,3.6,,Chennai
E724,Travis Gomez,DevOps,8.2,,Delhi
E725,Theresa Garcia,Data Science,14.1,,Pune
E726,Jorge Campos,Data Science,12.9,,Chennai
E727,Cathy Castaneda,Data Science,7.4,,Pune
E728,David Moore,AI Research,4.3,,Pune
E729,Dawn Thomas,AI Research,13.8,,Delhi
E730,James Nolan,Data Science,2.6,,Pune
E731,Kaitlyn Camacho,Cybersecurity,7.3,,Delhi
E732,Douglas Wilson,Cloud Engineering,6.6,,Chennai
E733,James Sanchez,Software Development,14.1,,Delhi
E734,Jennifer Holmes,DevOps,9.5,,Chennai
E735,Amy Gray,Software Development,5.9,,Chennai
E736,Stefanie Lopez,Data Science,2.4,,Delhi
E737,Terry Liu,Software Development,13.4,,Chennai
E738,Kenneth Barton,DevOps,1.5,,Delhi
E739,Michael Ayers,Cloud Engineering,13.4,,Pune
E740,Bryan Marshall,DevOps,1.2,,Chennai
E741,Ryan Murphy,Data Science,11.2,,Delhi
E742,Jessica Wiley,DevOps,1.4,,Chennai
E743,Kristin Guzman,Data Science,14.9,,Pune
E744,Michele Barron,DevOps,6.8,,Chennai
E745,Veronica Baker MD,Data Science,7.1,,Pune
E746,Stanley Wilson,Cloud Engineering,7.2,,Mumbai
E747,John Simmons,DevOps,4.1,,Delhi
E748,Glenn Walters,Cybersecurity,2.2,,Pune
E749,Christine Knight,Cybersecurity,13.2,,Chennai
E750,Angela Hart,DevOps,13.7,,Pune
E751,Patrick Mcgee,Cybersecurity,10.9,,Mumbai
E752,Sean Park,Software Development,13.3,,Pune
E753,Danielle Thompson,Cybersecurity,4.5,,Delhi
E754,Charles Donovan,Cybersecurity,13.4,,Pune
E755,Sara Kim,Software Development,2.1,,Chennai
E756,Eugene Arnold,DevOps,10.7,,Chennai
E757,Paul Burns,Software Development,7.1,,Chennai
E758,Ann Brewer,DevOps,10.2,,Chennai
E759,Christopher Smith,Software Development,4.5,,Mumbai
E760,Aaron Johnson,Cloud Engineering,6.8,,Chennai
E761,William Macdonald,DevOps,1.5,,Delhi
E762,Shannon Bradshaw,Cloud Engineering,9.3,,Delhi
E763,Tammy Howard,Data Science,5.6,,Delhi
E764,Raymond Reynolds,Cloud Engineering,8.7,,Pune
E765,Ashley Lucero,Software Development,13.9,,Mumbai
E766,Ashley Lin,Cloud Engineering,9.3,,Mumbai
E767,Cheryl Thompson,Data Science,11.7,,Delhi
E768,Benjamin Chambers,AI Research,5.2,,Mumbai
E769,Michael Medina,DevOps,12.8,,Chennai
E770,Amy Fowler DDS,Data Science,12.8,,Chennai
E771,Jamie Chavez,Cybersecurity,12.7,,Chennai
E772,Brittany Bernard,Software Development,6.0,,Delhi
E773,Douglas Knight,DevOps,11.2,,Pune
E774,Christina Reed,DevOps,4.7,,Mumbai
E775,James Payne,Software Development,13.7,,Delhi
E776,Amanda Baker,AI Research,14.5,,Mumbai
E777,Mark Watkins,AI Research,10.1,,Pune
E778,Anthony Rios,Cloud Engineering,9.5,,Mumbai
E779,Justin Young,Software Development,2.3,,Pune
E780,Dean Morris,Cybersecurity,8.4,,Chennai
E781,Gina Simmons,Data Science,13.8,,Chennai
E782,Michael Dalton,AI Research,11.0,,Pune
E783,Matthew Brennan,DevOps,2.8,,Delhi
E784,Julian Webb,DevOps,5.7,,Mumbai
E785,Nicole Wright,Cybersecurity,11.2,,Chennai
E786,Casey Kelly,Data Science,7.8,,Pune
E787,Brenda Decker,Cloud Engineering,13.3,,Mumbai
E788,Jody Johnson,Cloud Engineering,5.0,,Mumbai
E789,Darren Montoya,Data Science,12.0,,Chennai
E790,Amy Hodges,Cloud Engineering,9.0,,Pune
E791,Pamela Carlson,Cloud Engineering,6.7,,Chennai
E792,Patrick Thomas,Cybersecurity,12.8,,Chennai
E793,Michelle Smith,AI Research,11.1,,Chennai
E794,Becky Ford,Software Development,13.7,,Delhi
E795,Robin Hogan,Software Development,2.3,,Mumbai
E796,Jennifer Jenkins,Data Science,1.2,,Delhi
E797,Jennifer Johnson,Cloud Engineering,1.5,,Chennai
E798,Dustin Waller,DevOps,7.9,,Delhi
E799,Brent Roberts,DevOps,12.3,,Mumbai
E800,Steven Mora,AI Research,7.2,,Chennai
E801,Joseph Fischer,Software Development,2.6,,Chennai
E802,Andrew Carson,Software Development,8.9,,Mumbai
E803,Willie Luna,AI Research,14.9,,Pune
E804,David Jackson,Software Development,1.9,,Mumbai
E805,Nancy Irwin,AI Research,10.4,,Pune
E806,Michelle Barnett,AI Research,5.7,,Pune
E807,Cory White,DevOps,4.6,,Mumbai
E808,Kelly Sandoval,AI Research,1.9,,Chennai
E809,Nicole Chapman,AI Research,11.5,,Mumbai
E810,Tonya Flores,Cloud Engineering,2.5,,Chennai
E811,Steven Morgan,AI Research,13.6,,Pune
E812,Jeffrey Hall,Data Science,4.7,,Pune
E813,Mathew Espinoza,Cybersecurity,3.3,,Mumbai
E814,Anthony Lee,Cybersecurity,3.3,,Delhi
E815,Randy Brown,AI Research,12.9,,Chennai
E816,Nicole Lambert,AI Research,9.0,,Pune
E817,Heather Hernandez,Cloud Engineering,1.5,,Delhi
E818,Mary Rios,Cloud Engineering,13.6,,Mumbai
E819,Caitlin Fuller,Cybersecurity,4.3,,Mumbai
E820,David Cortez,DevOps,3.4,,Chennai
E821,Courtney Webb,Data Science,12.9,,Delhi
E822,Kimberly Hall,Cybersecurity,14.0,,Chennai
E823,Michael Austin,Data Science,5.5,,Mumbai
E824,Timothy Marshall,DevOps,14.4,,Mumbai
E825,Antonio Anderson,Cloud Engineering,10.4,,Delhi
E826,Ethan Roach,Cloud Engineering,3.3,,Delhi
E827,Ms. Diana White,Software Development,7.0,,Pune
E828,Taylor Mason,AI Research,8.4,,Mumbai
E829,Susan Williams,Cloud Engineering,7.0,,Pune
E830,Luke Hughes,DevOps,2.8,,Delhi
E831,Angie Sherman,Software Development,2.2,,Chennai
E832,Thomas Vaughn,Data Science,10.8,,Pune
E833,Timothy Smith,Data Science,9.6,,Pune
E834,Brett Freeman,Cybersecurity,6.6,,Pune
E835,Robert Ashley,AI Research,3.8,,Mumbai
E836,Caitlin Dunn,Cybersecurity,7.1,,Chennai
E837,Traci Smith,Data Science,14.9,,Pune
E838,Joseph Johnson,Cybersecurity,3.4,,Chennai
E839,Renee Colon,Data Science,7.0,,Chennai
E840,Samantha English,Cybersecurity,3.2,,Chennai
E841,Shawn Thompson,Cloud Engineering,8.5,,Pune
E842,Billy Brown,Software Development,3.3,,Delhi
E843,Melissa Moore,AI Research,14.8,,Delhi
E844,Brittney Bowers,DevOps,7.3,,Delhi
E845,Anthony Alvarado,Software Development,7.9,,Delhi
E846,Natalie Powell,AI Research,5.7,,Delhi
E847,Jamie King,Cloud Engineering,4.5,,Delhi
E848,Grant Lawrence,AI Research,12.6,,Pune
E849,Amber Manning,AI Research,7.9,,Delhi
E850,Kevin Fields,Data Science,14.2,,Pune
E851,Stephen Chavez,Software Development,8.9,,Pune
E852,Dorothy Snow,Cloud Engineering,11.6,,Delhi
E853,Natalie Wells,Cloud Engineering,1.8,,Mumbai
E854,Lisa Calhoun,AI Research,11.6,,Chennai
E855,Courtney Nelson,Software Development,7.2,,Delhi
E856,Crystal Martin,Software Development,8.8,,Chennai
E857,Kevin Jackson,Data Science,10.2,,Pune
E858,Dennis Rodriguez,Cloud Engineering,14.0,,Delhi
E859,April Callahan,Software Development,11.3,,Chennai
E860,Jeremy Livingston,Data Science,6.9,,Mumbai
E861,William Mcmahon,Software Development,12.4,,Chennai
E862,Erik Austin,AI Research,14.4,,Pune
E863,Omar Hayes,Data Science,14.4,,Mumbai
E864,Emily Simmons,Cybersecurity,4.9,,Chennai
E865,Lisa Velez,DevOps,13.4,,Delhi
E866,Rachel Parker,DevOps,1.8,,Chennai
E867,Victoria Johnston,DevOps,3.7,,Pune
E868,Meredith Green,Data Science,7.2,,Mumbai
E869,Catherine Vance,Software Development,10.8,,Chennai
E870,Anna Fisher,Cloud Engineering,9.7,,Mumbai
E871,Robin Sims,Software Development,10.9,,Delhi
E872,Anna Clark PhD,DevOps,9.6,,Chennai
E873,Andrew Preston,Cybersecurity,10.7,,Delhi
E874,Denise Goodman,Cybersecurity,2.7,,Chennai
E875,Nicole Dennis,Data Science,9.2,,Pune
E876,Matthew Riggs,Software Development,12.5,,Mumbai
E877,Angela Gonzalez,AI Research,13.7,,Delhi
E878,Cheryl Hobbs MD,AI Research,9.6,,Mumbai
E879,Robert Quinn,Data Science,8.7,,Mumbai
E880,Shawn Davis,Cybersecurity,3.7,,Pune
E881,Monica Orozco,AI Research,12.2,,Chennai
E882,Travis Stephenson,AI Research,5.2,,Delhi
E883,Patrick Walker,Software Development,1.8,,Mumbai
E884,Kim Moreno,Cloud Engineering,3.9,,Pune
E885,Gregory Olson,AI Research,10.0,,Mumbai
E886,Brandon Williams,Data Science,4.7,,Mumbai
E887,Andrea Johnson,Cybersecurity,8.2,,Pune
E888,Jessica Walker,Data Science,7.1,,Pune
E889,Wyatt Wells,DevOps,11.7,,Delhi
E890,Cassandra Palmer,Cloud Engineering,9.0,,Mumbai
E891,Melanie Smith,Cloud Engineering,1.3,,Mumbai
E892,Daniel Delgado,Software Development,5.5,,Pune
E893,Chris Mendez,Software Development,12.2,,Chennai
E894,Jennifer Armstrong,Software Development,10.0,,Delhi
E895,Marie Martin,AI Research,5.8,,Delhi
E896,Andrea Mckinney,Cybersecurity,2.5,,Chennai
E897,Benjamin Anderson,DevOps,8.8,,Pune
E898,Travis Compton,DevOps,3.7,,Mumbai
E899,Darrell Stephens,Data Science,10.4,,Delhi
E900,Rita Thompson,DevOps,5.3,,Chennai
E901,Steven Lopez,Cloud Engineering,4.3,,Pune
E902,Thomas Brown,Cloud Engineering,11.9,,Delhi
E903,Heather Knight,Data Science,8.2,,Delhi
E904,Amanda Jones,Cloud Engineering,11.5,,Mumbai
E905,James Barker,DevOps,4.4,,Delhi
E906,Jennifer Lynch,AI Research,4.3,,Delhi
E907,Ashley Rojas,Software Development,6.3,,Pune
E908,Justin Walker,DevOps,2.7,,Delhi
E909,Claire Morgan,AI Research,10.5,,Delhi
E910,Bradley Mcbride,Cybersecurity,12.4,,Pune
E911,William Kelly,Data Science,1.1,,Delhi
E912,Wendy Ryan,Data Science,8.8,,Mumbai
E913,David Key,Software Development,9.9,,Chennai
E914,Mrs. Annette Rodriguez,Software Development,9.5,,Delhi
E915,Stacey Smith,Software Development,10.1,,Chennai
E916,Darlene Wilkins,Cloud Engineering,12.7,,Delhi
E917,Amber Washington,Software Development,8.4,,Chennai
E918,Larry White,Software Development,10.6,,Chennai
E919,Frederick Bryant,Cybersecurity,11.5,,Delhi
E920,Kenneth Jones,Data Science,4.1,,Pune
E921,Angela Kaufman,DevOps,3.3,,Chennai
E922,Trevor Simpson,DevOps,10.6,,Pune
E923,Ashley Johnson,DevOps,9.5,,Pune
E924,Jonathan Brown,Software Development,14.6,,Chennai
E925,John Rivera,AI Research,4.7,,Chennai
E926,Katelyn Schmitt,Cybersecurity,10.6,,Chennai
E927,Rebecca Vasquez,DevOps,8.6,,Pune
E928,Benjamin Keller,Software Development,6.3,,Delhi
E929,Christine Smith,Data Science,2.5,,Chennai
E930,Edward Taylor,Cybersecurity,2.1,,Pune
E931,Michael Jones,AI Research,12.6,,Chennai
E932,Dr. Martin Cox,Cybersecurity,11.4,,Pune
E933,Kimberly Solis,Software Development,10.5,,Chennai
E934,Jordan Gentry,Cloud Engineering,8.1,,Chennai
E935,Jennifer Burns,Software Development,8.8,,Pune
E936,Mark Young,Cloud Engineering,11.2,,Chennai
E937,Jessica Harris,Cybersecurity,13.0,,Mumbai
E938,Holly Patterson,DevOps,4.6,,Pune
E939,David Brown,Cloud Engineering,6.2,,Chennai
E940,Mary Pittman,Data Science,8.1,,Chennai
E941,Angela Nash,AI Research,7.8,,Mumbai
E942,Rodney Sanchez,Cybersecurity,13.5,,Delhi
E943,Luis Adkins,Cloud Engineering,3.6,,Delhi
E944,Robert Jensen,Data Science,11.9,,Chennai
E945,Melissa Roberts,AI Research,2.5,,Delhi
E946,Tanner Bailey,Cloud Engineering,12.3,,Delhi
E947,Richard Vega,DevOps,3.2,,Delhi
E948,Jason George,Data Science,2.4,,Mumbai
E949,William Schneider,Software Development,13.7,,Delhi
E950,Richard Cervantes,AI Research,9.0,,Mumbai
E951,Thomas Meyer,Cloud Engineering,8.6,,Pune
E952,Jamie Peterson,Data Science,12.0,,Chennai
E953,Tracey Padilla,DevOps,13.0,,Pune
E954,Tracy Fischer,Software Development,11.9,,Delhi
E955,Katrina Jensen,Software Development,4.3,,Pune
E956,Travis Brooks,AI Research,2.6,,Chennai
E957,David Castillo,AI Research,7.0,,Chennai
E958,Daniel Houston,Cybersecurity,3.5,,Pune
E959,William Robinson,Cybersecurity,7.0,,Pune
E960,Ricardo Payne,Cloud Engineering,2.8,,Pune
E961,Vickie Crawford,DevOps,10.4,,Pune
E962,Stephanie Mitchell,Cybersecurity,5.8,,Chennai
E963,David Williams,Cybersecurity,11.5,,Pune
E964,Karen Flores,AI Research,14.5,,Mumbai
E965,Kim Maddox,Cybersecurity,9.8,,Delhi
E966,Sarah Jones,DevOps,14.8,,Delhi
E967,Alyssa Tran,DevOps,5.9,,Delhi
E968,David Miller,Data Science,13.7,,Mumbai
E969,Kendra King,AI Research,3.0,,Mumbai
E970,Lori Gutierrez,Cloud Engineering,13.4,,Pune
E971,Jonathon Evans,Software Development,13.2,,Delhi
E972,Angela Barrera,Software Development,2.6,,Mumbai
E973,Kenneth Harrison,Cloud Engineering,8.7,,Pune
E974,Joshua Hill,DevOps,1.6,,Chennai
E975,Rebecca Brady,Cloud Engineering,3.5,,Mumbai
E976,Doris Mcclure,Cybersecurity,1.4,,Pune
E977,Mr. Kevin Richardson,Data Science,10.0,,Pune
E978,Seth Schroeder,Data Science,1.8,,Chennai
E979,Anthony Walsh,Data Science,12.5,,Chennai
E980,Stephanie Thompson,Software Development,4.8,,Delhi
E981,William Martinez,Cloud Engineering,6.6,,Chennai
E982,Javier Meyer,DevOps,7.3,,Delhi
E983,Anthony Christian,Data Science,9.8,,Mumbai
E984,Michael Stevens,AI Research,2.8,,Delhi
E985,Kimberly Anderson,Cloud Engineering,9.4,,Delhi
E986,Travis Gonzalez,Cloud Engineering,9.7,,Chennai
E987,Chris Clark,DevOps,8.1,,Mumbai
E988,Heather Gibbs,DevOps,13.4,,Pune
E989,Bill Greer,Cloud Engineering,11.4,,Delhi
E990,Angela Whitney,Cloud Engineering,5.6,,Chennai
E991,Kara Owen,AI Research,6.4,,Pune
E992,Ricardo Friedman,DevOps,14.0,,Chennai
E993,Katelyn Welch,Data Science,9.2,,Delhi
E994,Richard Phillips,Cybersecurity,10.5,,Delhi
E995,Cassandra Wiggins,AI Research,7.6,,Delhi
E996,Helen Jordan,Data Science,14.1,,Mumbai
E997,Christopher Harris,AI Research,3.3,,Mumbai
E998,Mark Anderson DDS,AI Research,1.0,,Pune
E999,Eric Crawford,Data Science,10.1,,Mumbai
E1000,Antonio Fuentes,Software Development,13.5,,Chennai
E1001,Brian Baker,Cloud Engineering,1.8,,Chennai
E1002,Michael Richardson,AI Research,8.2,,Chennai
E1003,Herbert Turner,Software Development,4.2,,Mumbai
E1004,Daniel Wolf,Cybersecurity,2.6,,Pune
E1005,Kathy Sanford,Cybersecurity,8.4,,Mumbai
E1006,Theresa Wallace DVM,Data Science,13.2,,Mumbai
E1007,Sue Fields,AI Research,14.7,,Mumbai
E1008,Brooke Smith,Software Development,11.8,,Delhi
E1009,Alexandra Allen,Software Development,2.5,,Delhi
E1010,Charles King,DevOps,12.9,,Mumbai
E1011,Michelle Foster,Software Development,1.8,,Mumbai
E1012,Rachael Kirby,Software Development,9.6,,Delhi
E1013,Maria Williams,DevOps,13.7,,Delhi
E1014,Jennifer Campbell,Cloud Engineering,12.8,,Chennai
E1015,Emily Smith,Cybersecurity,6.6,,Delhi
E1016,Ashley Ryan,Cloud Engineering,5.3,,Pune
E1017,Noah Larsen,Software Development,14.8,,Pune
E1018,Blake Evans,Software Development,10.9,,Delhi
E1019,Evan Williams,DevOps,2.8,,Chennai
E1020,Louis Larson,Cloud Engineering,9.0,,Chennai
E1021,James Wilkerson,DevOps,9.8,,Mumbai
E1022,Brian Johnson,Data Science,5.7,,Mumbai
E1023,Daniel Stone,Cybersecurity,6.6,,Mumbai
E1024,Debbie Santos,Cloud Engineering,12.9,,Chennai
E1025,Terry Frazier,Cloud Engineering,6.8,,Chennai
E1026,Lisa Hill,DevOps,14.0,,Chennai
E1027,Timothy Frederick,Software Development,3.2,,Pune
E1028,Kevin Bradley,DevOps,2.3,,Pune
E1029,Alexander Santiago,Software Development,10.4,,Delhi
E1030,Alyssa Ramirez,DevOps,6.7,,Mumbai
E1031,Tina Martin,DevOps,2.0,,Pune
E1032,Jackson Long,AI Research,12.3,,Delhi
E1033,Maria Mccarthy,Cloud Engineering,3.7,,Pune
E1034,Christina Hogan,Cloud Engineering,10.6,,Chennai
E1035,Lisa Taylor,Software Development,12.2,,Mumbai
E1036,Samantha Benton,Cybersecurity,12.3,,Pune
E1037,Marie Reed,DevOps,11.5,,Pune
E1038,Patricia Wilcox,Cybersecurity,3.2,,Mumbai
E1039,Patricia Hess,Cybersecurity,9.5,,Mumbai
E1040,Michael Cruz,Cybersecurity,7.0,,Mumbai
E1041,Kimberly Beck,Data Science,6.7,,Pune
E1042,Zachary Lucas,DevOps,6.5,,Delhi
E1043,Daniel Donaldson,Cybersecurity,10.3,,Pune
E1044,Daniel Johnson,Cloud Engineering,10.3,,Mumbai
E1045,Jermaine Andrews,DevOps,6.0,,Mumbai
E1046,William Hernandez,AI Research,13.1,,Pune
E1047,Jessica Mejia,DevOps,5.5,,Delhi
E1048,Eric Gomez,Cybersecurity,5.8,,Mumbai
E1049,Melissa Rowe,Data Science,3.4,,Pune
E1050,Christopher Benson,AI Research,8.5,,Chennai
E1051,Jason Stephens,Cloud Engineering,13.1,,Pune
E1052,Melanie Parker,Cybersecurity,5.9,,Delhi
E1053,Tina Mcdowell DDS,Data Science,10.1,,Pune
E1054,Christine Beasley,DevOps,7.3,,Pune
E1055,Joshua Robinson,Cybersecurity,2.8,,Chennai
E1056,Michael Carter,Data Science,12.3,,Pune
E1057,Stephanie Bradley,AI Research,4.0,,Mumbai
E1058,Diana Jones,Data Science,14.1,,Delhi
E1059,Mr. Christopher Thomas MD,DevOps,8.5,,Delhi
E1060,Stephen Yang,Cloud Engineering,7.8,,Delhi
E1061,Stephanie Gomez,Cloud Engineering,8.0,,Delhi
E1062,Kevin Miller,Data Science,3.1,,Delhi
E1063,Paul Mcdaniel,Data Science,6.7,,Pune
E1064,Cristian Ware,Data Science,9.7,,Pune
E1065,Christine Berry,Data Science,2.5,,Pune
E1066,Tanya Harris,Data Science,14.9,,Delhi
E1067,Ruth Rowe,DevOps,3.6,,Mumbai
E1068,Rebecca Lewis,DevOps,1.1,,Delhi
E1069,Tiffany Moore,Data Science,13.5,,Mumbai
E1070,Lisa Jackson,DevOps,11.2,,Chennai
E1071,Emily Collier,Cloud Engineering,4.7,,Chennai
E1072,Pamela West,Cloud Engineering,10.3,,Pune
E1073,Cindy Sanders,AI Research,6.1,,Delhi
E1074,Sheryl Silva,Cloud Engineering,10.9,,Pune
E1075,John Williams,DevOps,5.9,,Delhi
E1076,James Levy MD,Software Development,5.7,,Mumbai
E1077,Dr. Nathan Murray,Cloud Engineering,7.7,,Delhi
E1078,William Cook,Cybersecurity,2.5,,Delhi
E1079,Charles Collins,AI Research,13.1,,Pune
E1080,Jacob Wright,AI Research,3.0,,Pune
E1081,Darren Perez,DevOps,3.9,,Chennai
E1082,Brittany Reese,AI Research,10.0,,Delhi
E1083,Anthony Lara,DevOps,3.4,,Chennai
E1084,David Johnson MD,Software Development,2.9,,Delhi
E1085,Ruth Wells,Software Development,6.2,,Pune
E1086,Robert Peterson,DevOps,7.2,,Delhi
E1087,Andrea Scott,AI Research,14.1,,Mumbai
E1088,Isaac Huber,Data Science,14.1,,Mumbai
E1089,Tiffany Davis,AI Research,1.7,,Delhi
E1090,Brittany Lewis,Cybersecurity,13.2,,Pune
E1091,Mary Neal,Cloud Engineering,13.3,,Mumbai
E1092,Emily Hernandez,Cloud Engineering,4.4,,Mumbai
E1093,Jillian Garrett,Software Development,8.0,,Mumbai
E1094,Linda Montes,DevOps,9.8,,Chennai
E1095,Susan Macias,Cloud Engineering,11.3,,Delhi
E1096,Holly Hughes,Cloud Engineering,10.3,,Mumbai
E1097,Brandi Anderson,Data Science,9.6,,Delhi
E1098,Aaron Haney,DevOps,14.8,,Delhi
E1099,Andrea Meyer,Data Science,7.3,,Chennai
E1100,Richard Rodriguez,Cybersecurity,9.8,,Mumbai
